"Year","Group","Pct","Side","Amount","GroupName","PctMil","perPerson","Ratio"
1917,"Top.10",0.00795123641068694,"Top",10,"90-10",79512.3641068694,7951.23641068694,0.0721346876511075
1918,"Top.10",0.00777643930838208,"Top",10,"90-10",77764.3930838208,7776.43930838208,0.0705364764032154
1919,"Top.10",0.0079365870156781,"Top",10,"90-10",79365.870156781,7936.5870156781,0.0720007231455392
1920,"Top.10",0.00772594045301919,"Top",10,"90-10",77259.4045301919,7725.94045301919,0.0700748582593381
1921,"Top.10",0.00774100521050353,"Top",10,"90-10",77410.0521050353,7741.00521050353,0.0702125627082996
1922,"Top.10",0.00786078225389023,"Top",10,"90-10",78607.8225389023,7860.78225389023,0.0713075735940884
1923,"Top.10",0.00792533194588369,"Top",10,"90-10",79253.3194588369,7925.33194588369,0.0718978014556686
1924,"Top.10",0.00806840206129102,"Top",10,"90-10",80684.0206129102,8068.40206129102,0.0732062762215849
1925,"Top.10",0.00822987695858286,"Top",10,"90-10",82298.7695858286,8229.87695858286,0.0746835288807672
1926,"Top.10",0.00830223892877676,"Top",10,"90-10",83022.3892877676,8302.23892877676,0.0753456882652219
1927,"Top.10",0.00838932934329496,"Top",10,"90-10",83893.2934329496,8389.32934329496,0.0761427507024015
1928,"Top.10",0.00844377910593042,"Top",10,"90-10",84437.7910593042,8443.77910593042,0.076641152919046
1929,"Top.10",0.00842578793485204,"Top",10,"90-10",84257.8793485204,8425.78793485204,0.0764764658973262
1930,"Top.10",0.00836187853113153,"Top",10,"90-10",83618.7853113153,8361.87853113153,0.0758915023039949
1931,"Top.10",0.00835705380352258,"Top",10,"90-10",83570.5380352258,8357.05380352258,0.0758473445711386
1932,"Top.10",0.00839855075116051,"Top",10,"90-10",83985.5075116051,8398.55075116051,0.0762271543851649
1933,"Top.10",0.00841441064106067,"Top",10,"90-10",84144.1064106067,8414.41064106067,0.0763723238641511
1934,"Top.10",0.00825318436603999,"Top",10,"90-10",82531.8436603999,8253.18436603999,0.0748967963631709
1935,"Top.10",0.00811619992350538,"Top",10,"90-10",81161.9992350538,8116.19992350538,0.0736435047189147
1936,"Top.10",0.00815686629794583,"Top",10,"90-10",81568.6629794583,8156.86629794583,0.0740155314757314
1937,"Top.10",0.00798955092505044,"Top",10,"90-10",79895.5092505044,7989.55092505044,0.0724850815760119
1938,"Top.10",0.00796970684535825,"Top",10,"90-10",79697.0684535825,7969.70684535825,0.0723036001049245
1939,"Top.10",0.00800650467483766,"Top",10,"90-10",80065.0467483766,8006.50467483766,0.0726401356592758
1940,"Top.10",0.00775739709978888,"Top",10,"90-10",77573.9709978888,7757.39709978888,0.070362402999059
1941,"Top.10",0.00761763228534392,"Top",10,"90-10",76176.3228534392,7617.63228534392,0.0690849543467587
1942,"Top.10",0.00746767464606374,"Top",10,"90-10",74676.7464606374,7467.67464606374,0.0677147434876813
1943,"Top.10",0.00751821254311108,"Top",10,"90-10",75182.1254311108,7518.21254311108,0.0681764781411053
1944,"Top.10",0.00748620694913994,"Top",10,"90-10",74862.0694913994,7486.20694913994,0.0678840566388047
1945,"Top.10",0.00752308189305187,"Top",10,"90-10",75230.8189305187,7523.08189305187,0.0682209689738807
1946,"Top.10",0.00745905432118788,"Top",10,"90-10",74590.5432118788,7459.05432118788,0.0676359894097657
1947,"Top.10",0.00729979996684504,"Top",10,"90-10",72997.9996684504,7299.79996684504,0.0661813100263414
1948,"Top.10",0.00718656391873915,"Top",10,"90-10",71865.6391873915,7186.56391873915,0.0651472602183422
1949,"Top.10",0.00711216240602885,"Top",10,"90-10",71121.6240602885,7112.16240602885,0.064467968314902
1950,"Top.10",0.00715657544407849,"Top",10,"90-10",71565.7544407849,7156.57544407849,0.0648734507412539
1951,"Top.10",0.00714365550655137,"Top",10,"90-10",71436.5550655137,7143.65550655137,0.064755490475074
1952,"Top.10",0.00711307946459149,"Top",10,"90-10",71130.7946459149,7113.07946459149,0.0644763405149926
1953,"Top.10",0.0070316394072902,"Top",10,"90-10",70316.394072902,7031.6394072902,0.0637329014469672
1954,"Top.10",0.00705533498920529,"Top",10,"90-10",70553.3498920529,7055.33498920529,0.063949197916439
1955,"Top.10",0.00709674388440968,"Top",10,"90-10",70967.4388440968,7096.74388440968,0.0643272086845202
1956,"Top.10",0.0071306257045614,"Top",10,"90-10",71306.257045614,7130.6257045614,0.0646365302450718
1957,"Top.10",0.00718045300975725,"Top",10,"90-10",71804.5300975725,7180.45300975725,0.0650914632812425
1958,"Top.10",0.00717599646100269,"Top",10,"90-10",71759.9646100269,7175.99646100269,0.0650507722605514
1959,"Top.10",0.00724649594246542,"Top",10,"90-10",72464.9594246542,7246.49594246542,0.065694518544262
1960,"Top.10",0.00726801391695269,"Top",10,"90-10",72680.1391695269,7268.01391695269,0.0658910221183325
1961,"Top.10",0.00729255178495659,"Top",10,"90-10",72925.5178495659,7292.55178495659,0.0661151139569084
1962,"Top.10",0.0073625,"Top",10,"90-10",73625,7362.5,0.0667539761494
1963,"Top.10",0.00731375,"Top",10,"90-10",73137.5,7313.75,0.0663087153670155
1964,"Top.10",0.007265,"Top",10,"90-10",72650,7265,0.0658634983152604
1965,"Top.10",0.00721595,"Top",10,"90-10",72159.5,7215.95,0.0654155855948733
1966,"Top.10",0.0071669,"Top",10,"90-10",71669,7166.9,0.0649677171319127
1967,"Top.10",0.007080325,"Top",10,"90-10",70803.25,7080.325,0.0641773212923795
1968,"Top.10",0.0070471,"Top",10,"90-10",70471,7047.1,0.063874026653228
1969,"Top.10",0.007011,"Top",10,"90-10",70110,7011,0.0635445105635611
1970,"Top.10",0.00700025,"Top",10,"90-10",70002.5,7000.25,0.063446390595768
1971,"Top.10",0.006989025,"Top",10,"90-10",69890.25,6989.025,0.0633439373618202
1972,"Top.10",0.006965575,"Top",10,"90-10",69655.75,6965.575,0.0631299111307244
1973,"Top.10",0.00690655,"Top",10,"90-10",69065.5,6906.55,0.0625912395253438
1974,"Top.10",0.006852375,"Top",10,"90-10",68523.75,6852.375,0.0620968861502337
1975,"Top.10",0.006820775,"Top",10,"90-10",68207.75,6820.775,0.0618085572621598
1976,"Top.10",0.00677095,"Top",10,"90-10",67709.5,6770.95,0.0613539746949608
1977,"Top.10",0.006718475,"Top",10,"90-10",67184.75,6718.475,0.0608752639388919
1978,"Top.10",0.0066777,"Top",10,"90-10",66777,6677.7,0.060503323040266
1979,"Top.10",0.0067419,"Top",10,"90-10",67419,6741.9,0.0610889556299616
1980,"Top.10",0.006713,"Top",10,"90-10",67130,6713,0.060825320375682
1981,"Top.10",0.0066953,"Top",10,"90-10",66953,6695.3,0.0606638627603393
1982,"Top.10",0.0065913,"Top",10,"90-10",65913,6591.3,0.0597153014665565
1983,"Top.10",0.0065004,"Top",10,"90-10",65004,6500.4,0.0588863850574273
1984,"Top.10",0.0064382,"Top",10,"90-10",64382,6438.2,0.0583192711313982
1985,"Top.10",0.0063684,"Top",10,"90-10",63684,6368.4,0.0576829480865947
1986,"Top.10",0.0063614,"Top",10,"90-10",63614,6361.4,0.0576191383869346
1987,"Top.10",0.0064254,"Top",10,"90-10",64254,6425.4,0.0582025748242759
1988,"Top.10",0.0065338,"Top",10,"90-10",65338,6533.8,0.0591909417753719
1989,"Top.10",0.0065233,"Top",10,"90-10",65233,6523.3,0.0590951956900449
1990,"Top.10",0.0065734,"Top",10,"90-10",65734,6573.4,0.0595520595079697
1991,"Top.10",0.0065498,"Top",10,"90-10",65498,6549.8,0.0593368444638695
1992,"Top.10",0.0067095,"Top",10,"90-10",67095,6709.5,0.0607933932721596
1993,"Top.10",0.0067458,"Top",10,"90-10",67458,6745.8,0.0611245338806521
1994,"Top.10",0.0067376,"Top",10,"90-10",67376,6737.6,0.0610497286517641
1995,"Top.10",0.0067608,"Top",10,"90-10",67608,6760.8,0.061261375910254
1996,"Top.10",0.00680320024490356,"Top",10,"90-10",68032.0024490356,6803.20024490356,0.0616482073031547
1997,"Top.10",0.00686060011386871,"Top",10,"90-10",68606.0011386871,6860.60011386871,0.0621719378285645
1998,"Top.10",0.00691680014133453,"Top",10,"90-10",69168.0014133453,6916.80014133453,0.0626847793627667
1999,"Top.10",0.00695179998874664,"Top",10,"90-10",69517.9998874664,6951.79998874664,0.0630041924430363
2000,"Top.10",0.00698469996452332,"Top",10,"90-10",69846.9996452332,6984.69996452332,0.0633044623566868
2001,"Top.10",0.00692030012607574,"Top",10,"90-10",69203.0012607574,6920.30012607574,0.0627167196576355
2002,"Top.10",0.00690199971199036,"Top",10,"90-10",69019.9971199036,6901.99971199036,0.0625497155264619
2003,"Top.10",0.00692709982395172,"Top",10,"90-10",69270.9982395172,6927.09982395172,0.0627787732446565
2004,"Top.10",0.00699720025062561,"Top",10,"90-10",69972.0025062561,6997.20025062561,0.0634185545816435
2005,"Top.10",0.00699410021305084,"Top",10,"90-10",69941.0021305084,6994.10021305084,0.063390259746657
2006,"Top.10",0.00706610023975372,"Top",10,"90-10",70661.0023975372,7066.10023975372,0.0640474679866798
2007,"Top.10",0.00716409981250763,"Top",10,"90-10",71640.9981250763,7164.09981250763,0.0649421503597851
2008,"Top.10",0.00746290028095245,"Top",10,"90-10",74629.0028095245,7462.90028095245,0.0676711253892518
2009,"Top.10",0.00750760018825531,"Top",10,"90-10",75076.0018825531,7507.60018825531,0.0680795154775131
2010,"Top.10",0.00757369995117188,"Top",10,"90-10",75736.9995117188,7573.69995117188,0.068683487687895
2011,"Top.10",0.00759769976139069,"Top",10,"90-10",75976.9976139069,7597.69976139069,0.0689028006445324
2012,"Top.10",0.0077240002155304,"Top",10,"90-10",77240.002155304,7724.0002155304,0.0700571231742711
1917,"Top.5",0.00673100371870463,"Top",5,"95-5",67310.0371870463,13462.0074374093,0.128755725925396
1918,"Top.5",0.00646856220264751,"Top",5,"95-5",64685.6220264751,12937.124405295,0.123702861504591
1919,"Top.5",0.00672270933300613,"Top",5,"95-5",67227.0933300613,13445.4186660123,0.128595990794619
1920,"Top.5",0.00627439428605651,"Top",5,"95-5",62743.9428605651,12548.788572113,0.119966206717019
1921,"Top.5",0.0062983903109177,"Top",5,"95-5",62983.903109177,12596.7806218354,0.120427917938947
1922,"Top.5",0.00651962468220256,"Top",5,"95-5",65196.2468220256,13039.2493644051,0.124685773407677
1923,"Top.5",0.00634456089421467,"Top",5,"95-5",63445.6089421467,12689.1217884293,0.121316355998173
1924,"Top.5",0.00652256869840396,"Top",5,"95-5",65225.6869840396,13045.1373968079,0.124742446446228
1925,"Top.5",0.00707850873633704,"Top",5,"95-5",70785.0873633704,14157.0174726741,0.135450453206769
1926,"Top.5",0.00724376892411192,"Top",5,"95-5",72437.6892411192,14487.5378482238,0.138635855661132
1927,"Top.5",0.00733310294841533,"Top",5,"95-5",73331.0294841533,14666.2058968307,0.140358217276838
1928,"Top.5",0.00741023170037541,"Top",5,"95-5",74102.3170037541,14820.4634007508,0.141845510404891
1929,"Top.5",0.00740589916044007,"Top",5,"95-5",74058.9916044007,14811.7983208801,0.14176195882017
1930,"Top.5",0.00746936684855453,"Top",5,"95-5",74693.6684855453,14938.7336971091,0.142985984897941
1931,"Top.5",0.00739464797173981,"Top",5,"95-5",73946.4797173981,14789.2959434796,0.141544986812701
1932,"Top.5",0.00742758466435708,"Top",5,"95-5",74275.8466435708,14855.1693287142,0.142180163827203
1933,"Top.5",0.00748341798369022,"Top",5,"95-5",74834.1798369022,14966.8359673804,0.143256993652704
1934,"Top.5",0.00734505159541242,"Top",5,"95-5",73450.5159541242,14690.1031908248,0.140588610913725
1935,"Top.5",0.00718312671267441,"Top",5,"95-5",71831.2671267441,14366.2534253488,0.137466849338404
1936,"Top.5",0.00719043116308307,"Top",5,"95-5",71904.3116308307,14380.8623261661,0.137607650436556
1937,"Top.5",0.00682536247354004,"Top",5,"95-5",68253.6247354004,13650.7249470801,0.130573095704738
1938,"Top.5",0.00661813078777985,"Top",5,"95-5",66181.3078777985,13236.2615755597,0.126582222672874
1939,"Top.5",0.0067114727442694,"Top",5,"95-5",67114.727442694,13422.9454885388,0.128379598316138
1940,"Top.5",0.00638655350800486,"Top",5,"95-5",63865.5350800486,12773.1070160097,0.122124471121547
1941,"Top.5",0.00620618549418751,"Top",5,"95-5",62061.8549418751,12412.370988375,0.118653912580649
1942,"Top.5",0.00604379301805969,"Top",5,"95-5",60437.9301805969,12087.5860361194,0.11553030861572
1943,"Top.5",0.00615577027876232,"Top",5,"95-5",61557.7027876232,12311.5405575246,0.117684071405526
1944,"Top.5",0.0061608083390531,"Top",5,"95-5",61608.083390531,12321.6166781062,0.117780984513582
1945,"Top.5",0.00623724739086127,"Top",5,"95-5",62372.4739086127,12474.4947817225,0.119251501543221
1946,"Top.5",0.00608882936124624,"Top",5,"95-5",60888.2936124624,12177.6587224925,0.116396476145177
1947,"Top.5",0.00590027916194625,"Top",5,"95-5",59002.7916194625,11800.5583238925,0.112770682585516
1948,"Top.5",0.00576477585094697,"Top",5,"95-5",57647.7585094697,11529.5517018939,0.110165822440799
1949,"Top.5",0.00562335235894006,"Top",5,"95-5",56233.5235894006,11246.7047178801,0.107447912290905
1950,"Top.5",0.00572974229359967,"Top",5,"95-5",57297.4229359967,11459.4845871993,0.109492467198532
1951,"Top.5",0.0057210932385617,"Top",5,"95-5",57210.932385617,11442.1864771234,0.109326237128707
1952,"Top.5",0.00565862779521635,"Top",5,"95-5",56586.2779521635,11317.2555904327,0.108125771605698
1953,"Top.5",0.00554150757351892,"Top",5,"95-5",55415.0757351892,11083.0151470378,0.105875352967176
1954,"Top.5",0.0055105288585965,"Top",5,"95-5",55105.288585965,11021.057717193,0.105280197882001
1955,"Top.5",0.00550140790526085,"Top",5,"95-5",55014.0790526085,11002.8158105217,0.105104975543292
1956,"Top.5",0.00559602460984686,"Top",5,"95-5",55960.2460984686,11192.0492196937,0.106922810264686
1957,"Top.5",0.00571541833354618,"Top",5,"95-5",57154.1833354618,11430.8366670924,0.109217170154014
1958,"Top.5",0.00569442448074372,"Top",5,"95-5",56944.2448074372,11388.8489614874,0.108813696511385
1959,"Top.5",0.00579766953236343,"Top",5,"95-5",57976.6953236343,11595.3390647269,0.110798091836188
1960,"Top.5",0.00580602262366819,"Top",5,"95-5",58060.2262366819,11612.0452473364,0.110958658330253
1961,"Top.5",0.00577454810522408,"Top",5,"95-5",57745.4810522408,11549.0962104482,0.110353656497288
1962,"Top.5",0.0058259,"Top",5,"95-5",58259,11651.8,0.111340760134467
1963,"Top.5",0.00576845,"Top",5,"95-5",57684.5,11536.9,0.110236443412
1964,"Top.5",0.005711,"Top",5,"95-5",57110,11422,0.109132254304332
1965,"Top.5",0.0056455,"Top",5,"95-5",56455,11291,0.107873499843366
1966,"Top.5",0.00558,"Top",5,"95-5",55800,11160,0.106614911204521
1967,"Top.5",0.0054681,"Top",5,"95-5",54681,10936.2,0.104465125754136
1968,"Top.5",0.0055734,"Top",5,"95-5",55734,11146.8,0.106488100780892
1969,"Top.5",0.0053856,"Top",5,"95-5",53856,10771.2,0.102880473075797
1970,"Top.5",0.0054718,"Top",5,"95-5",54718,10943.6,0.104536201185648
1971,"Top.5",0.0054061,"Top",5,"95-5",54061,10812.2,0.103274210710522
1972,"Top.5",0.005379,"Top",5,"95-5",53790,10758,0.102753712218021
1973,"Top.5",0.0052715,"Top",5,"95-5",52715,10543,0.100689283558277
1974,"Top.5",0.005192,"Top",5,"95-5",51920,10384,0.0991628535355566
1975,"Top.5",0.0052133,"Top",5,"95-5",52133,10426.6,0.0995717976527028
1976,"Top.5",0.0050486,"Top",5,"95-5",50486,10097.2,0.0964101362136884
1977,"Top.5",0.0051241,"Top",5,"95-5",51241,10248.2,0.0978593410494716
1978,"Top.5",0.0049384,"Top",5,"95-5",49384,9876.8,0.0942952677502579
1979,"Top.5",0.005104,"Top",5,"95-5",51040,10208,0.0974735047683376
1980,"Top.5",0.0050713,"Top",5,"95-5",50713,10142.6,0.096845834279381
1981,"Top.5",0.0051073,"Top",5,"95-5",51073,10214.6,0.0975368499537689
1982,"Top.5",0.005046,"Top",5,"95-5",50460,10092,0.0963602337394493
1983,"Top.5",0.0049377,"Top",5,"95-5",49377,9875.4,0.0942818354187472
1984,"Top.5",0.0048963,"Top",5,"95-5",48963,9792.6,0.0934874425650312
1985,"Top.5",0.0048637,"Top",5,"95-5",48637,9727.4,0.092861952679246
1986,"Top.5",0.0048647,"Top",5,"95-5",48647,9729.4,0.0928811388762915
1987,"Top.5",0.0049508,"Top",5,"95-5",49508,9901.6,0.0945332150410251
1988,"Top.5",0.0050858,"Top",5,"95-5",50858,10171.6,0.0971241540225278
1989,"Top.5",0.0050759,"Top",5,"95-5",50759,10151.8,0.0969341279400107
1990,"Top.5",0.0051163,"Top",5,"95-5",51163,10232.6,0.0977096116862705
1991,"Top.5",0.0050997,"Top",5,"95-5",50997,10199.4,0.0973909647026943
1992,"Top.5",0.0052676,"Top",5,"95-5",52676,10535.2,0.100614396394447
1993,"Top.5",0.0053025,"Top",5,"95-5",53025,10605,0.101284561386753
1994,"Top.5",0.0052962,"Top",5,"95-5",52962,10592.4,0.101163582565986
1995,"Top.5",0.0053148,"Top",5,"95-5",53148,10629.6,0.101520762548794
1996,"Top.5",0.00537479996681213,"Top",5,"95-5",53747.9996681213,10749.5999336243,0.102673046456115
1997,"Top.5",0.00545109987258911,"Top",5,"95-5",54510.9987258911,10902.1997451782,0.104138567310189
1998,"Top.5",0.00554090023040771,"Top",5,"95-5",55409.0023040771,11081.8004608154,0.105863684491537
1999,"Top.5",0.00560209989547729,"Top",5,"95-5",56020.9989547729,11204.1997909546,0.107039544233632
2000,"Top.5",0.00566349983215332,"Top",5,"95-5",56634.9983215332,11326.9996643066,0.108219397349638
2001,"Top.5",0.00557539999485016,"Top",5,"95-5",55753.9999485016,11150.7999897003,0.106526527905288
2002,"Top.5",0.00552169978618622,"Top",5,"95-5",55216.9978618622,11043.3995723724,0.105494806588522
2003,"Top.5",0.00554679989814758,"Top",5,"95-5",55467.9989814758,11093.5997962952,0.105977031452068
2004,"Top.5",0.00564679980278015,"Top",5,"95-5",56467.9980278015,11293.5996055603,0.107898477353463
2005,"Top.5",0.00565490007400513,"Top",5,"95-5",56549.0007400513,11309.8001480103,0.108054136752013
2006,"Top.5",0.00574919998645782,"Top",5,"95-5",57491.9998645782,11498.3999729156,0.109866443900483
2007,"Top.5",0.00585520029067993,"Top",5,"95-5",58552.0029067993,11710.4005813599,0.111904026008532
2008,"Top.5",0.00613829970359802,"Top",5,"95-5",61382.9970359802,12276.599407196,0.117348011633389
2009,"Top.5",0.00615339994430542,"Top",5,"95-5",61533.9994430542,12306.7998886108,0.117638475530581
2010,"Top.5",0.00625970005989075,"Top",5,"95-5",62597.0005989075,12519.4001197815,0.119683483848941
2011,"Top.5",0.00629779994487762,"Top",5,"95-5",62977.9994487762,12595.5998897552,0.120416558347196
2012,"Top.5",0.00646390020847321,"Top",5,"95-5",64639.0020847321,12927.8004169464,0.123613126877585
1917,"Top.1",0.00410817423975098,"Top",1,"99-1",41081.7423975098,41081.7423975098,0.408386974584184
1918,"Top.1",0.00373897113250468,"Top",1,"99-1",37389.7113250468,37389.7113250468,0.371547346922465
1919,"Top.1",0.00399732353525344,"Top",1,"99-1",39973.2353525344,39973.2353525344,0.39732325960682
1920,"Top.1",0.00355994224270234,"Top",1,"99-1",35599.4224270234,35599.4224270234,0.353693410139252
1921,"Top.1",0.00359489150459351,"Top",1,"99-1",35948.9150459351,35948.9150459351,0.357178276105153
1922,"Top.1",0.0039093978552263,"Top",1,"99-1",39093.978552263,39093.978552263,0.388549381787212
1923,"Top.1",0.00347459736109986,"Top",1,"99-1",34745.9736109986,34745.9736109986,0.345184515957123
1924,"Top.1",0.00367926094180135,"Top",1,"99-1",36792.6094180135,36792.6094180135,0.365591941388923
1925,"Top.1",0.00430548091307408,"Top",1,"99-1",43054.8091307408,43054.8091307408,0.428085725313832
1926,"Top.1",0.00451255989660194,"Top",1,"99-1",45125.5989660194,45125.5989660194,0.448768524610607
1927,"Top.1",0.00494607909466615,"Top",1,"99-1",49460.7909466615,49460.7909466615,0.492095774997236
1928,"Top.1",0.00514098061715649,"Top",1,"99-1",51409.8061715649,51409.8061715649,0.511587140672678
1929,"Top.1",0.00505533209731026,"Top",1,"99-1",50553.3209731026,50553.3209731026,0.50302081490492
1930,"Top.1",0.00489513409285756,"Top",1,"99-1",48951.3409285756,48951.3409285756,0.487002216345428
1931,"Top.1",0.00479656896212023,"Top",1,"99-1",47965.6896212023,47965.6896212023,0.477149005359316
1932,"Top.1",0.00470348965570125,"Top",1,"99-1",47034.8965570125,47034.8965570125,0.467845984663751
1933,"Top.1",0.00470753447574121,"Top",1,"99-1",47075.3447574121,47075.3447574121,0.468250217138834
1934,"Top.1",0.00472145547068807,"Top",1,"99-1",47214.5547068807,47214.5547068807,0.469641482947041
1935,"Top.1",0.0045274818369984,"Top",1,"99-1",45274.818369984,45274.818369984,0.45025924240477
1936,"Top.1",0.00451933053247541,"Top",1,"99-1",45193.3053247541,45193.3053247541,0.449444912832294
1937,"Top.1",0.00453153571020033,"Top",1,"99-1",45315.3571020033,45315.3571020033,0.450664236390346
1938,"Top.1",0.00406660961242877,"Top",1,"99-1",40666.0961242877,40666.0961242877,0.404238230705145
1939,"Top.1",0.00419464053205291,"Top",1,"99-1",41946.4053205291,41946.4053205291,0.417018656030446
1940,"Top.1",0.00379293085603151,"Top",1,"99-1",37929.3085603151,37929.3085603151,0.376929823505251
1941,"Top.1",0.0035035574331191,"Top",1,"99-1",35035.574331191,35035.574331191,0.348071674982936
1942,"Top.1",0.00346028574421889,"Top",1,"99-1",34602.8574421889,34602.8574421889,0.343757788853905
1943,"Top.1",0.00350529643706763,"Top",1,"99-1",35052.9643706763,35052.9643706763,0.348245049400586
1944,"Top.1",0.0034463177591038,"Top",1,"99-1",34463.177591038,34463.177591038,0.342365357964531
1945,"Top.1",0.00343978019095201,"Top",1,"99-1",34397.8019095201,34397.8019095201,0.341713658778694
1946,"Top.1",0.0031831027415762,"Top",1,"99-1",31831.027415762,31831.027415762,0.316133456688734
1947,"Top.1",0.00302310862210113,"Top",1,"99-1",30231.0862210113,30231.0862210113,0.300195276516764
1948,"Top.1",0.00299211416246598,"Top",1,"99-1",29921.1416246598,29921.1416246598,0.29710828398844
1949,"Top.1",0.00290557773139919,"Top",1,"99-1",29055.7773139919,29055.7773139919,0.288490426768259
1950,"Top.1",0.00305304163393099,"Top",1,"99-1",30530.4163393099,30530.4163393099,0.303176732947295
1951,"Top.1",0.00300093887833752,"Top",1,"99-1",30009.3887833752,30009.3887833752,0.297987190300033
1952,"Top.1",0.00297001931221689,"Top",1,"99-1",29700.1931221689,29700.1931221689,0.29490779375224
1953,"Top.1",0.00283302583954548,"Top",1,"99-1",28330.2583954548,28330.2583954548,0.281266393074378
1954,"Top.1",0.00288182783044313,"Top",1,"99-1",28818.2783044313,28818.2783044313,0.28612551969954
1955,"Top.1",0.00290640817702411,"Top",1,"99-1",29064.0817702411,29064.0817702411,0.288573120803359
1956,"Top.1",0.00294183353764475,"Top",1,"99-1",29418.3353764475,29418.3353764475,0.292100832251522
1957,"Top.1",0.00291764782779603,"Top",1,"99-1",29176.4782779603,29176.4782779603,0.289692355222752
1958,"Top.1",0.0028853538016803,"Top",1,"99-1",28853.538016803,28853.538016803,0.28647661275004
1959,"Top.1",0.00294097483652153,"Top",1,"99-1",29409.7483652153,29409.7483652153,0.292015318519276
1960,"Top.1",0.00293767548772779,"Top",1,"99-1",29376.7548772779,29376.7548772779,0.291686754313292
1961,"Top.1",0.0029446265538305,"Top",1,"99-1",29446.265538305,29446.265538305,0.292378975724921
1962,"Top.1",0.0029621,"Top",1,"99-1",29621,29621,0.294119110216372
1963,"Top.1",0.00290845,"Top",1,"99-1",29084.5,29084.5,0.288776441842276
1964,"Top.1",0.0028548,"Top",1,"99-1",28548,28548,0.283434348377749
1965,"Top.1",0.00284475,"Top",1,"99-1",28447.5,28447.5,0.282433703277398
1966,"Top.1",0.0028347,"Top",1,"99-1",28347,28347,0.281433078347191
1967,"Top.1",0.002779,"Top",1,"99-1",27790,27790,0.275887691895778
1968,"Top.1",0.0028639,"Top",1,"99-1",28639,28639,0.284340422536101
1969,"Top.1",0.0027878,"Top",1,"99-1",27878,27878,0.276763762015748
1970,"Top.1",0.0027554,"Top",1,"99-1",27554,27554,0.273538307452354
1971,"Top.1",0.0026989,"Top",1,"99-1",26989,26989,0.267914173563029
1972,"Top.1",0.0026495,"Top",1,"99-1",26495,26495,0.262997311376492
1973,"Top.1",0.0024857,"Top",1,"99-1",24857,24857,0.24669751601556
1974,"Top.1",0.0024876,"Top",1,"99-1",24876,24876,0.246886554994204
1975,"Top.1",0.0024714,"Top",1,"99-1",24714,24714,0.245274772071698
1976,"Top.1",0.002346,"Top",1,"99-1",23460,23460,0.232800149149906
1977,"Top.1",0.0023906,"Top",1,"99-1",23906,23906,0.237236537666947
1978,"Top.1",0.0022941,"Top",1,"99-1",22941,22941,0.227638124621695
1979,"Top.1",0.002436,"Top",1,"99-1",24360,24360,0.241752910088977
1980,"Top.1",0.0024341,"Top",1,"99-1",24341,24341,0.241563890666271
1981,"Top.1",0.0025288,"Top",1,"99-1",25288,25288,0.250985893126538
1982,"Top.1",0.0025663,"Top",1,"99-1",25663,25663,0.254717381215413
1983,"Top.1",0.0024722,"Top",1,"99-1",24722,24722,0.245354365061305
1984,"Top.1",0.0024809,"Top",1,"99-1",24809,24809,0.246219947066678
1985,"Top.1",0.0025073,"Top",1,"99-1",25073,25073,0.24884663316333
1986,"Top.1",0.0025108,"Top",1,"99-1",25108,25108,0.24919487850094
1987,"Top.1",0.0026159,"Top",1,"99-1",26159,26159,0.259653327138462
1988,"Top.1",0.0027934,"Top",1,"99-1",27934,27934,0.277321269233477
1989,"Top.1",0.0027807,"Top",1,"99-1",27807,27807,0.276056931509448
1990,"Top.1",0.0028127,"Top",1,"99-1",28127,28127,0.279242726015464
1991,"Top.1",0.0027616,"Top",1,"99-1",27616,27616,0.27415550785048
1992,"Top.1",0.0029193,"Top",1,"99-1",29193,29193,0.289856879187412
1993,"Top.1",0.002946,"Top",1,"99-1",29460,29460,0.292515751403635
1994,"Top.1",0.0029167,"Top",1,"99-1",29167,29167,0.289597970400266
1995,"Top.1",0.0029465,"Top",1,"99-1",29465,29465,0.292565544376505
1996,"Top.1",0.00302749991416931,"Top",1,"99-1",30274.9991416931,30274.9991416931,0.300632656845558
1997,"Top.1",0.00312370002269745,"Top",1,"99-1",31237.0002269745,31237.0002269745,0.310215321854967
1998,"Top.1",0.00322899997234344,"Top",1,"99-1",32289.9997234344,32289.9997234344,0.320706558731274
1999,"Top.1",0.00333009988069534,"Top",1,"99-1",33300.9988069534,33300.9988069534,0.33078142336733
2000,"Top.1",0.00341490000486374,"Top",1,"99-1",34149.0000486374,34149.0000486374,0.339233549130085
2001,"Top.1",0.00332370012998581,"Top",1,"99-1",33237.0012998581,33237.0012998581,0.330143611232162
2002,"Top.1",0.00320230007171631,"Top",1,"99-1",32023.0007171631,32023.0007171631,0.318046186425514
2003,"Top.1",0.00322959989309311,"Top",1,"99-1",32295.9989309311,32295.9989309311,0.320766336341775
2004,"Top.1",0.00335359990596771,"Top",1,"99-1",33535.9990596771,33535.9990596771,0.333123553809535
2005,"Top.1",0.0033976998925209,"Top",1,"99-1",33976.998925209,33976.998925209,0.337519077894254
2006,"Top.1",0.00348980009555817,"Top",1,"99-1",34898.0009555817,34898.0009555817,0.346700123584675
2007,"Top.1",0.00359510004520416,"Top",1,"99-1",35951.0004520416,35951.0004520416,0.357199070871047
2008,"Top.1",0.00381330013275146,"Top",1,"99-1",38133.0013275146,38133.0013275146,0.378961808256125
2009,"Top.1",0.00378470003604889,"Top",1,"99-1",37847.0003604889,37847.0003604889,0.376108762415512
2010,"Top.1",0.00395229995250702,"Top",1,"99-1",39522.9995250702,39522.9995250702,0.392830278388814
2011,"Top.1",0.00398009985685349,"Top",1,"99-1",39800.9985685349,39800.9985685349,0.39560443096756
2012,"Top.1",0.00418240010738373,"Top",1,"99-1",41824.0010738373,41824.0010738373,0.415796638536655
1917,"Bottom.90",0.992048763589313,"Bottom",90,"90-10",9920487.63589313,110227.640398813,13.8629559863998
1918,"Bottom.90",0.992223560691618,"Bottom",90,"90-10",9922235.60691618,110247.062299069,14.1770620109174
1919,"Bottom.90",0.992063412984322,"Bottom",90,"90-10",9920634.12984322,110229.268109369,13.8887493946226
1920,"Bottom.90",0.992274059546981,"Bottom",90,"90-10",9922740.59546981,110252.673282998,14.2704534099681
1921,"Bottom.90",0.992258994789496,"Bottom",90,"90-10",9922589.94789496,110250.999421055,14.2424654709519
1922,"Bottom.90",0.99213921774611,"Bottom",90,"90-10",9921392.1774611,110237.690860679,14.0237558171928
1923,"Bottom.90",0.992074668054116,"Bottom",90,"90-10",9920746.68054116,110230.51867268,13.9086311368865
1924,"Bottom.90",0.991931597938709,"Bottom",90,"90-10",9919315.97938709,110214.62199319,13.6600309647378
1925,"Bottom.90",0.991770123041417,"Bottom",90,"90-10",9917701.23041417,110196.680337935,13.3898332736326
1926,"Bottom.90",0.991697761071223,"Bottom",90,"90-10",9916977.61071223,110188.640119025,13.2721596022845
1927,"Bottom.90",0.991610670656705,"Bottom",90,"90-10",9916106.70656705,110178.963406301,13.1332266141583
1928,"Bottom.90",0.99155622089407,"Bottom",90,"90-10",9915562.2089407,110172.913432674,13.0478204190936
1929,"Bottom.90",0.991574212065148,"Bottom",90,"90-10",9915742.12065148,110174.912451683,13.0759180391855
1930,"Bottom.90",0.991638121468868,"Bottom",90,"90-10",9916381.21468868,110182.013496541,13.176705818714
1931,"Bottom.90",0.991642946196477,"Bottom",90,"90-10",9916429.46196477,110182.549577386,13.1843771941427
1932,"Bottom.90",0.99160144924884,"Bottom",90,"90-10",9916014.4924884,110177.938805427,13.1186846480867
1933,"Bottom.90",0.991585589358939,"Bottom",90,"90-10",9915855.89358939,110176.176595438,13.0937484864121
1934,"Bottom.90",0.99174681563396,"Bottom",90,"90-10",9917468.1563396,110194.090625996,13.3517059281287
1935,"Bottom.90",0.991883800076495,"Bottom",90,"90-10",9918838.00076495,110209.311119611,13.5789300606596
1936,"Bottom.90",0.991843133702054,"Bottom",90,"90-10",9918431.33702054,110204.792633562,13.5106778275028
1937,"Bottom.90",0.99201044907495,"Bottom",90,"90-10",9920104.4907495,110223.38323055,13.7959422581506
1938,"Bottom.90",0.992030293154642,"Bottom",90,"90-10",9920302.93154642,110225.588128294,13.8305699653798
1939,"Bottom.90",0.991993495325162,"Bottom",90,"90-10",9919934.95325162,110221.499480574,13.7664941140884
1940,"Bottom.90",0.992242602900211,"Bottom",90,"90-10",9922426.02900211,110249.178100023,14.212135421432
1941,"Bottom.90",0.992382367714656,"Bottom",90,"90-10",9923823.67714656,110264.707523851,14.4749317627206
1942,"Bottom.90",0.992532325353936,"Bottom",90,"90-10",9925323.25353936,110281.369483771,14.7678326534888
1943,"Bottom.90",0.992481787456889,"Bottom",90,"90-10",9924817.87456889,110275.754161877,14.6678154587319
1944,"Bottom.90",0.99251379305086,"Bottom",90,"90-10",9925137.9305086,110279.310338984,14.7309994351217
1945,"Bottom.90",0.992476918106948,"Bottom",90,"90-10",9924769.18106948,110275.213122994,14.6582497293884
1946,"Bottom.90",0.992540945678812,"Bottom",90,"90-10",9925409.45678812,110282.327297646,14.7850280409384
1947,"Bottom.90",0.992700200033155,"Bottom",90,"90-10",9927002.00033155,110300.022225906,15.1100061271374
1948,"Bottom.90",0.992813436081261,"Bottom",90,"90-10",9928134.36081261,110312.604009029,15.3498396808781
1949,"Bottom.90",0.992887837593971,"Bottom",90,"90-10",9928878.37593971,110320.870843775,15.5115792561567
1950,"Bottom.90",0.992843424555922,"Bottom",90,"90-10",9928434.24555922,110315.936061769,15.414626300495
1951,"Bottom.90",0.992856344493449,"Bottom",90,"90-10",9928563.44493449,110317.371610383,15.4427059800423
1952,"Bottom.90",0.992886920535409,"Bottom",90,"90-10",9928869.20535409,110320.768948379,15.5095650902748
1953,"Bottom.90",0.99296836059271,"Bottom",90,"90-10",9929683.6059271,110329.817843634,15.690482894963
1954,"Bottom.90",0.992944665010795,"Bottom",90,"90-10",9929446.65010795,110327.185001199,15.6374127054209
1955,"Bottom.90",0.99290325611559,"Bottom",90,"90-10",9929032.5611559,110322.584012843,15.5455214123202
1956,"Bottom.90",0.992869374295439,"Bottom",90,"90-10",9928693.74295439,110318.81936616,15.4711274910405
1957,"Bottom.90",0.992819546990243,"Bottom",90,"90-10",9928195.46990243,110313.282998916,15.3629976895629
1958,"Bottom.90",0.992824003538997,"Bottom",90,"90-10",9928240.03538997,110313.778171,15.3726076608998
1959,"Bottom.90",0.992753504057535,"Bottom",90,"90-10",9927535.04057535,110305.944895282,15.2219701454429
1960,"Bottom.90",0.992731986083047,"Bottom",90,"90-10",9927319.86083047,110303.554009227,15.1765744080296
1961,"Bottom.90",0.992707448215043,"Bottom",90,"90-10",9927074.48215043,110300.827579449,15.1251346349001
1962,"Bottom.90",0.9926375,"Bottom",90,"90-10",9926375,110293.055555556,14.9803810601773
1963,"Bottom.90",0.99268625,"Bottom",90,"90-10",9926862.5,110298.472222222,15.0809738126436
1964,"Bottom.90",0.992735,"Bottom",90,"90-10",9927350,110303.888888889,15.182916571079
1965,"Bottom.90",0.99278405,"Bottom",90,"90-10",9927840.5,110309.338888889,15.2868768338041
1966,"Bottom.90",0.9928331,"Bottom",90,"90-10",9928331,110314.788888889,15.3922600969581
1967,"Bottom.90",0.992919675,"Bottom",90,"90-10",9929196.75,110324.408333333,15.5818282823646
1968,"Bottom.90",0.9929529,"Bottom",90,"90-10",9929529,110328.1,15.65581586752
1969,"Bottom.90",0.992989,"Bottom",90,"90-10",9929890,110332.111111111,15.7370005863801
1970,"Bottom.90",0.99299975,"Bottom",90,"90-10",9929997.5,110333.305555556,15.7613378887262
1971,"Bottom.90",0.993010975,"Bottom",90,"90-10",9930109.75,110334.552777778,15.7868304631587
1972,"Bottom.90",0.993034425,"Bottom",90,"90-10",9930344.25,110337.158333333,15.8403517776111
1973,"Bottom.90",0.99309345,"Bottom",90,"90-10",9930934.5,110343.716666667,15.976676729578
1974,"Bottom.90",0.993147625,"Bottom",90,"90-10",9931476.25,110349.736111111,16.1038670696089
1975,"Bottom.90",0.993179225,"Bottom",90,"90-10",9931792.25,110353.247222222,16.178989516913
1976,"Bottom.90",0.99322905,"Bottom",90,"90-10",9932290.5,110358.783333333,16.2988625426762
1977,"Bottom.90",0.993281525,"Bottom",90,"90-10",9932815.25,110364.613888889,16.4270334992523
1978,"Bottom.90",0.9933223,"Bottom",90,"90-10",9933223,110369.144444444,16.5280177972123
1979,"Bottom.90",0.9932581,"Bottom",90,"90-10",9932581,110362.011111111,16.3695710572852
1980,"Bottom.90",0.993287,"Bottom",90,"90-10",9932870,110365.222222222,16.4405217074664
1981,"Bottom.90",0.9933047,"Bottom",90,"90-10",9933047,110367.188888889,16.4842783577866
1982,"Bottom.90",0.9934087,"Bottom",90,"90-10",9934087,110378.744444444,16.7461266281984
1983,"Bottom.90",0.9934996,"Bottom",90,"90-10",9934996,110388.844444444,16.9818541081233
1984,"Bottom.90",0.9935618,"Bottom",90,"90-10",9935618,110395.755555556,17.1469907047864
1985,"Bottom.90",0.9936316,"Bottom",90,"90-10",9936316,110403.511111111,17.3361458311524
1986,"Bottom.90",0.9936386,"Bottom",90,"90-10",9936386,110404.288888889,17.355344560771
1987,"Bottom.90",0.9935746,"Bottom",90,"90-10",9935746,110397.177777778,17.1813704637498
1988,"Bottom.90",0.9934662,"Bottom",90,"90-10",9934662,110385.133333333,16.8944769251176
1989,"Bottom.90",0.9934767,"Bottom",90,"90-10",9934767,110386.3,16.9218493707173
1990,"Bottom.90",0.9934266,"Bottom",90,"90-10",9934266,110380.733333333,16.79203050679
1991,"Bottom.90",0.9934502,"Bottom",90,"90-10",9934502,110383.355555556,16.8529352889486
1992,"Bottom.90",0.9932905,"Bottom",90,"90-10",9932905,110365.611111111,16.4491558403921
1993,"Bottom.90",0.9932542,"Bottom",90,"90-10",9932542,110361.577777778,16.3600429567698
1994,"Bottom.90",0.9932624,"Bottom",90,"90-10",9932624,110362.488888889,16.3800891844112
1995,"Bottom.90",0.9932392,"Bottom",90,"90-10",9932392,110359.911111111,16.323498862725
1996,"Bottom.90",0.993196799755096,"Bottom",90,"90-10",9931967.99755096,110355.199972788,16.2210718485698
1997,"Bottom.90",0.993139399886131,"Bottom",90,"90-10",9931393.99886131,110348.82220957,16.0844270731506
1998,"Bottom.90",0.993083199858665,"Bottom",90,"90-10",9930831.99858665,110342.577762074,15.9528359223033
1999,"Bottom.90",0.993048200011253,"Bottom",90,"90-10",9930482.00011253,110338.688890139,15.871959646243
2000,"Bottom.90",0.993015300035477,"Bottom",90,"90-10",9930153.00035477,110335.033337275,15.7966747172661
2001,"Bottom.90",0.993079699873924,"Bottom",90,"90-10",9930796.99873924,110342.18887488,15.9447114813865
2002,"Bottom.90",0.99309800028801,"Bottom",90,"90-10",9930980.0028801,110344.222254223,15.9872829409903
2003,"Bottom.90",0.993072900176048,"Bottom",90,"90-10",9930729.00176048,110341.433352894,15.9289509545349
2004,"Bottom.90",0.993002799749374,"Bottom",90,"90-10",9930027.99749374,110333.644416597,15.7682559401858
2005,"Bottom.90",0.993005899786949,"Bottom",90,"90-10",9930058.99786949,110333.988865217,15.7752942486205
2006,"Bottom.90",0.992933899760246,"Bottom",90,"90-10",9929338.99760246,110325.98886225,15.6134197250073
2007,"Bottom.90",0.992835900187492,"Bottom",90,"90-10",9928359.00187492,110315.100020832,15.3983198040089
2008,"Bottom.90",0.992537099719048,"Bottom",90,"90-10",9925370.99719048,110281.899968783,14.7773514072345
2009,"Bottom.90",0.992492399811745,"Bottom",90,"90-10",9924923.99811745,110276.933312416,14.6887061840254
2010,"Bottom.90",0.992426300048828,"Bottom",90,"90-10",9924263.00048828,110269.588894314,14.5595401990083
2011,"Bottom.90",0.992402300238609,"Bottom",90,"90-10",9924023.00238609,110266.922248734,14.5131981667766
2012,"Bottom.90",0.99227599978447,"Bottom",90,"90-10",9922759.9978447,110252.888864941,14.2740660005756
1917,"Bottom.95",0.993268996281295,"Bottom",95,"95-5",9932689.96281295,104554.631187505,7.76664488365682
1918,"Bottom.95",0.993531437797353,"Bottom",95,"95-5",9935314.37797353,104582.256610248,8.08388737202244
1919,"Bottom.95",0.993277290666994,"Bottom",95,"95-5",9932772.90666994,104555.504280736,7.77629219869775
1920,"Bottom.95",0.993725605713944,"Bottom",95,"95-5",9937256.05713944,104602.69533831,8.33568075015359
1921,"Bottom.95",0.993701609689082,"Bottom",95,"95-5",9937016.09689082,104600.169440956,8.30372240186837
1922,"Bottom.95",0.993480375317797,"Bottom",95,"95-5",9934803.75317797,104576.8816124,8.02016118334821
1923,"Bottom.95",0.993655439105785,"Bottom",95,"95-5",9936554.39105785,104595.309379556,8.24291161543837
1924,"Bottom.95",0.993477431301596,"Bottom",95,"95-5",9934774.31301596,104576.571715957,8.01651746048661
1925,"Bottom.95",0.992921491263663,"Bottom",95,"95-5",9929214.91263663,104518.051711965,7.38277337819958
1926,"Bottom.95",0.992756231075888,"Bottom",95,"95-5",9927562.31075888,104500.655902725,7.21314118365094
1927,"Bottom.95",0.992666897051585,"Bottom",95,"95-5",9926668.97051585,104491.252321219,7.12462739554201
1928,"Bottom.95",0.992589768299625,"Bottom",95,"95-5",9925897.68299625,104483.133505224,7.04992351993059
1929,"Bottom.95",0.99259410083956,"Bottom",95,"95-5",9925941.0083956,104483.589562059,7.0540785999475
1930,"Bottom.95",0.992530633151446,"Bottom",95,"95-5",9925306.33151446,104476.908752784,6.99369242876336
1931,"Bottom.95",0.99260535202826,"Bottom",95,"95-5",9926053.5202826,104484.773897712,7.06489168226952
1932,"Bottom.95",0.992572415335643,"Bottom",95,"95-5",9925724.15335643,104481.306877436,7.0333299180562
1933,"Bottom.95",0.99251658201631,"Bottom",95,"95-5",9925165.8201631,104475.429685927,6.98046199701974
1934,"Bottom.95",0.992654948404588,"Bottom",95,"95-5",9926549.48404588,104489.994568904,7.11295170711711
1935,"Bottom.95",0.992816873287326,"Bottom",95,"95-5",9928168.73287326,104507.039293403,7.27448111899538
1936,"Bottom.95",0.992809568836917,"Bottom",95,"95-5",9928095.68836917,104506.270403886,7.26703781968176
1937,"Bottom.95",0.99317463752646,"Bottom",95,"95-5",9931746.3752646,104544.698686996,7.65854554188773
1938,"Bottom.95",0.99338186921222,"Bottom",95,"95-5",9933818.6921222,104566.512548655,7.90000348298746
1939,"Bottom.95",0.993288527255731,"Bottom",95,"95-5",9932885.27255731,104556.687079551,7.7893996640921
1940,"Bottom.95",0.993613446491995,"Bottom",95,"95-5",9936134.46491995,104590.889104421,8.1883670882368
1941,"Bottom.95",0.993793814505813,"Bottom",95,"95-5",9937938.14505813,104609.875211138,8.42787210510482
1942,"Bottom.95",0.99395620698194,"Bottom",95,"95-5",9939562.0698194,104626.969155994,8.65573728644858
1943,"Bottom.95",0.993844229721238,"Bottom",95,"95-5",9938442.29721238,104615.18207592,8.49732668199517
1944,"Bottom.95",0.993839191660947,"Bottom",95,"95-5",9938391.91660947,104614.651753784,8.49033487137038
1945,"Bottom.95",0.993762752609139,"Bottom",95,"95-5",9937627.52609139,104606.605537804,8.38563864655042
1946,"Bottom.95",0.993911170638754,"Bottom",95,"95-5",9939111.70638754,104622.22848829,8.5913253830188
1947,"Bottom.95",0.994099720838054,"Bottom",95,"95-5",9940997.20838054,104642.07587769,8.86755295855976
1948,"Bottom.95",0.994235224149053,"Bottom",95,"95-5",9942352.24149053,104656.339384111,9.07722538482733
1949,"Bottom.95",0.99437664764106,"Bottom",95,"95-5",9943766.4764106,104671.22606748,9.30683508575385
1950,"Bottom.95",0.9942702577064,"Bottom",95,"95-5",9942702.577064,104660.027126989,9.13304837844963
1951,"Bottom.95",0.994278906761438,"Bottom",95,"95-5",9942789.06761438,104660.937553836,9.14693513893401
1952,"Bottom.95",0.994341372204784,"Bottom",95,"95-5",9943413.72204784,104667.512863661,9.24848891387984
1953,"Bottom.95",0.994458492426481,"Bottom",95,"95-5",9944584.92426481,104679.841308051,9.44506886612245
1954,"Bottom.95",0.994489471141404,"Bottom",95,"95-5",9944894.71141404,104683.102225411,9.49846239005752
1955,"Bottom.95",0.994498592094739,"Bottom",95,"95-5",9944985.92094739,104684.062325762,9.514297442447
1956,"Bottom.95",0.994403975390153,"Bottom",95,"95-5",9944039.75390153,104674.102672648,9.35254131017056
1957,"Bottom.95",0.994284581666454,"Bottom",95,"95-5",9942845.81666454,104661.534912258,9.15606949520703
1958,"Bottom.95",0.994305575519256,"Bottom",95,"95-5",9943055.75519256,104663.744791501,9.19001956610645
1959,"Bottom.95",0.994202330467637,"Bottom",95,"95-5",9942023.30467637,104652.87689133,9.02542619126036
1960,"Bottom.95",0.994193977376332,"Bottom",95,"95-5",9941939.77376332,104651.997618561,9.01236564183788
1961,"Bottom.95",0.994225451894776,"Bottom",95,"95-5",9942254.51894776,104655.310725766,9.06177494920226
1962,"Bottom.95",0.9941741,"Bottom",95,"95-5",9941741,104649.905263158,8.98143679630254
1963,"Bottom.95",0.99423155,"Bottom",95,"95-5",9942315.5,104655.952631579,9.07141022558737
1964,"Bottom.95",0.994289,"Bottom",95,"95-5",9942890,104662,9.16319383645596
1965,"Bottom.95",0.9943545,"Bottom",95,"95-5",9943545,104668.894736842,9.27011732679498
1966,"Bottom.95",0.99442,"Bottom",95,"95-5",9944200,104675.789473684,9.3795510281079
1967,"Bottom.95",0.9945319,"Bottom",95,"95-5",9945319,104687.568421053,9.57257259569619
1968,"Bottom.95",0.9944266,"Bottom",95,"95-5",9944266,104676.484210526,9.39072058443018
1969,"Bottom.95",0.9946144,"Bottom",95,"95-5",9946144,104696.252631579,9.72001751258717
1970,"Bottom.95",0.9945282,"Bottom",95,"95-5",9945282,104687.178947368,9.56606408744549
1971,"Bottom.95",0.9945939,"Bottom",95,"95-5",9945939,104694.094736842,9.68295950286178
1972,"Bottom.95",0.994621,"Bottom",95,"95-5",9946210,104696.947368421,9.73200849306758
1973,"Bottom.95",0.9947285,"Bottom",95,"95-5",9947285,104708.263157895,9.93154350354688
1974,"Bottom.95",0.994808,"Bottom",95,"95-5",9948080,104716.631578947,10.0844213770173
1975,"Bottom.95",0.9947867,"Bottom",95,"95-5",9947867,104714.389473684,10.0430043804964
1976,"Bottom.95",0.9949514,"Bottom",95,"95-5",9949514,104731.726315789,10.3723533569494
1977,"Bottom.95",0.9948759,"Bottom",95,"95-5",9948759,104723.778947368,10.2187485555872
1978,"Bottom.95",0.9950616,"Bottom",95,"95-5",9950616,104743.326315789,10.6049860598361
1979,"Bottom.95",0.994896,"Bottom",95,"95-5",9948960,104725.894736842,10.2591981521201
1980,"Bottom.95",0.9949287,"Bottom",95,"95-5",9949287,104729.336842105,10.3256893540222
1981,"Bottom.95",0.9948927,"Bottom",95,"95-5",9948927,104725.547368421,10.2525353286884
1982,"Bottom.95",0.994954,"Bottom",95,"95-5",9949540,104732,10.3777249306381
1983,"Bottom.95",0.9950623,"Bottom",95,"95-5",9950623,104743.4,10.6064969520222
1984,"Bottom.95",0.9951037,"Bottom",95,"95-5",9951037,104747.757894737,10.6966237663886
1985,"Bottom.95",0.9951363,"Bottom",95,"95-5",9951363,104751.189473684,10.7686729726015
1986,"Bottom.95",0.9951353,"Bottom",95,"95-5",9951353,104751.084210526,10.7664485179483
1987,"Bottom.95",0.9950492,"Bottom",95,"95-5",9950492,104742.021052632,10.5782925034976
1988,"Bottom.95",0.9949142,"Bottom",95,"95-5",9949142,104727.810526316,10.2960999770258
1989,"Bottom.95",0.9949241,"Bottom",95,"95-5",9949241,104728.852631579,10.3162840709607
1990,"Bottom.95",0.9948837,"Bottom",95,"95-5",9948837,104724.6,10.2344076774231
1991,"Bottom.95",0.9949003,"Bottom",95,"95-5",9949003,104726.347368421,10.2678929513914
1992,"Bottom.95",0.9947324,"Bottom",95,"95-5",9947324,104708.673684211,9.93893553840559
1993,"Bottom.95",0.9946975,"Bottom",95,"95-5",9946975,104705,9.87317303158887
1994,"Bottom.95",0.9947038,"Bottom",95,"95-5",9947038,104705.663157895,9.88498009496382
1995,"Bottom.95",0.9946852,"Bottom",95,"95-5",9946852,104703.705263158,9.85020181974467
1996,"Bottom.95",0.994625200033188,"Bottom",95,"95-5",9946252.00033188,104697.389477178,9.73965451027522
1997,"Bottom.95",0.994548900127411,"Bottom",95,"95-5",9945489.00127411,104689.357908149,9.60259033544584
1998,"Bottom.95",0.994459099769592,"Bottom",95,"95-5",9944590.99769592,104679.905238904,9.44610991770212
1999,"Bottom.95",0.994397900104523,"Bottom",95,"95-5",9943979.00104523,104673.463168897,9.34234172202129
2000,"Bottom.95",0.994336500167847,"Bottom",95,"95-5",9943365.00167847,104667.000017668,9.24048760657177
2001,"Bottom.95",0.99442460000515,"Bottom",95,"95-5",9944246.0000515,104676.273684753,9.38733308654439
2002,"Bottom.95",0.994478300213814,"Bottom",95,"95-5",9944783.00213814,104681.926338296,9.47913961206128
2003,"Bottom.95",0.994453200101852,"Bottom",95,"95-5",9944532.00101852,104679.284221248,9.43600689978076
2004,"Bottom.95",0.99435320019722,"Bottom",95,"95-5",9943532.0019722,104668.757915497,9.26797137946737
2005,"Bottom.95",0.994345099925995,"Bottom",95,"95-5",9943450.99925995,104667.905255368,9.25462023073698
2006,"Bottom.95",0.994250800013542,"Bottom",95,"95-5",9942508.00013542,104657.978948794,9.10196020275122
2007,"Bottom.95",0.99414479970932,"Bottom",95,"95-5",9941447.9970932,104646.821022034,8.93622897824744
2008,"Bottom.95",0.993861700296402,"Bottom",95,"95-5",9938617.00296402,104617.021083832,8.52166122016733
2009,"Bottom.95",0.993846600055695,"Bottom",95,"95-5",9938466.00055695,104615.43158481,8.50062018816321
2010,"Bottom.95",0.993740299940109,"Bottom",95,"95-5",9937402.99940109,104604.242098959,8.3553717508938
2011,"Bottom.95",0.993702200055122,"Bottom",95,"95-5",9937022.00055122,104600.23158475,8.30450574012178
2012,"Bottom.95",0.993536099791527,"Bottom",95,"95-5",9935360.99791527,104582.747346477,8.08975571817957
1917,"Bottom.99",0.995891825760249,"Bottom",99,"99-1",9958918.25760249,100595.133915177,2.44865792063567
1918,"Bottom.99",0.996261028867495,"Bottom",99,"99-1",9962610.28867495,100632.427158333,2.69144702090601
1919,"Bottom.99",0.996002676464747,"Bottom",99,"99-1",9960026.76464747,100606.330956035,2.51684233384567
1920,"Bottom.99",0.996440057757298,"Bottom",99,"99-1",9964400.57757298,100650.510884576,2.82730741182397
1921,"Bottom.99",0.996405108495407,"Bottom",99,"99-1",9964051.08495407,100646.980656102,2.79972234287172
1922,"Bottom.99",0.996090602144774,"Bottom",99,"99-1",9960906.02144774,100615.212337856,2.5736754370842
1923,"Bottom.99",0.9965254026389,"Bottom",99,"99-1",9965254.026389,100659.131579687,2.89700132471821
1924,"Bottom.99",0.996320739058199,"Bottom",99,"99-1",9963207.39058199,100638.458490727,2.73529005098114
1925,"Bottom.99",0.995694519086926,"Bottom",99,"99-1",9956945.19086926,100575.203948174,2.33598071803701
1926,"Bottom.99",0.995487440103398,"Bottom",99,"99-1",9954874.40103398,100554.286879131,2.22832027016086
1927,"Bottom.99",0.995053920905334,"Bottom",99,"99-1",9950539.20905334,100510.497061145,2.03212474239515
1928,"Bottom.99",0.994859019382843,"Bottom",99,"99-1",9948590.19382843,100490.810038671,1.95470120434442
1929,"Bottom.99",0.99494466790269,"Bottom",99,"99-1",9949446.6790269,100499.461404312,1.98798930455595
1930,"Bottom.99",0.995104865907142,"Bottom",99,"99-1",9951048.65907142,100515.643020923,2.05337874538687
1931,"Bottom.99",0.99520343103788,"Bottom",99,"99-1",9952034.3103788,100525.599094735,2.09578137807697
1932,"Bottom.99",0.995296510344299,"Bottom",99,"99-1",9952965.10344299,100535.001044879,2.13745555755644
1933,"Bottom.99",0.995292465524259,"Bottom",99,"99-1",9952924.65524259,100534.592477198,2.1356103284059
1934,"Bottom.99",0.995278544529312,"Bottom",99,"99-1",9952785.44529312,100533.186316092,2.12928379691869
1935,"Bottom.99",0.995472518163002,"Bottom",99,"99-1",9954725.18163002,100552.779612424,2.22094274991257
1936,"Bottom.99",0.995480669467525,"Bottom",99,"99-1",9954806.69467525,100553.602976518,2.22496677890565
1937,"Bottom.99",0.9954684642898,"Bottom",99,"99-1",9954684.642898,100552.370130283,2.21894687719095
1938,"Bottom.99",0.995933390387571,"Bottom",99,"99-1",9959333.90387571,100599.332362381,2.47378878107501
1939,"Bottom.99",0.995805359467947,"Bottom",99,"99-1",9958053.59467947,100586.399946257,2.39797425256436
1940,"Bottom.99",0.996207069143969,"Bottom",99,"99-1",9962070.69143969,100626.976681209,2.65301373794337
1941,"Bottom.99",0.996496442566881,"Bottom",99,"99-1",9964964.42566881,100656.206319887,2.87297149372762
1942,"Bottom.99",0.996539714255781,"Bottom",99,"99-1",9965397.14255781,100660.577197554,2.90902499499435
1943,"Bottom.99",0.996494703562932,"Bottom",99,"99-1",9964947.03562932,100656.030662922,2.87154117975616
1944,"Bottom.99",0.996553682240896,"Bottom",99,"99-1",9965536.82240896,100661.988105141,2.92085626286874
1945,"Bottom.99",0.996560219809048,"Bottom",99,"99-1",9965602.19809048,100662.64846556,2.92642677373232
1946,"Bottom.99",0.996816897258424,"Bottom",99,"99-1",9968168.97258424,100688.575480649,3.16322103479419
1947,"Bottom.99",0.996976891377899,"Bottom",99,"99-1",9969768.91377899,100704.736502818,3.33116500566976
1948,"Bottom.99",0.997007885837534,"Bottom",99,"99-1",9970078.85837534,100707.867256317,3.36577623005257
1949,"Bottom.99",0.997094422268601,"Bottom",99,"99-1",9970944.22268601,100716.60830996,3.46631952818069
1950,"Bottom.99",0.996946958366069,"Bottom",99,"99-1",9969469.58366069,100701.71296627,3.2984061483829
1951,"Bottom.99",0.996999061121662,"Bottom",99,"99-1",9969990.61121662,100706.975870875,3.35584895106778
1952,"Bottom.99",0.997029980687783,"Bottom",99,"99-1",9970299.80687783,100710.099059372,3.39089037721441
1953,"Bottom.99",0.997166974160455,"Bottom",99,"99-1",9971669.74160455,100723.936783884,3.55534832679267
1954,"Bottom.99",0.997118172169557,"Bottom",99,"99-1",9971181.72169557,100719.007289854,3.49496962399614
1955,"Bottom.99",0.997093591822976,"Bottom",99,"99-1",9970935.91822976,100716.524426563,3.46532621339125
1956,"Bottom.99",0.997058166462355,"Bottom",99,"99-1",9970581.66462355,100712.946107309,3.42347535367144
1957,"Bottom.99",0.997082352172204,"Bottom",99,"99-1",9970823.52172204,100715.389108303,3.4519378298094
1958,"Bottom.99",0.99711464619832,"Bottom",99,"99-1",9971146.4619832,100718.651131143,3.49068634399322
1959,"Bottom.99",0.997059025163478,"Bottom",99,"99-1",9970590.25163478,100713.032844796,3.42447788379975
1960,"Bottom.99",0.997062324512272,"Bottom",99,"99-1",9970623.24512272,100713.366112351,3.42833531249735
1961,"Bottom.99",0.997055373446169,"Bottom",99,"99-1",9970553.73446169,100712.663984462,3.42021856229783
1962,"Bottom.99",0.9970379,"Bottom",99,"99-1",9970379,100710.898989899,3.39998308598288
1963,"Bottom.99",0.99709155,"Bottom",99,"99-1",9970915.5,100716.318181818,3.46288635465001
1964,"Bottom.99",0.9971452,"Bottom",99,"99-1",9971452,100721.737373737,3.52815389427411
1965,"Bottom.99",0.99715525,"Bottom",99,"99-1",9971552.5,100722.752525253,3.54065392478258
1966,"Bottom.99",0.9971653,"Bottom",99,"99-1",9971653,100723.767676768,3.55324258922523
1967,"Bottom.99",0.997221,"Bottom",99,"99-1",9972210,100729.393939394,3.624663329953
1968,"Bottom.99",0.9971361,"Bottom",99,"99-1",9971361,100720.818181818,3.51691114151396
1969,"Bottom.99",0.9972122,"Bottom",99,"99-1",9972122,100728.505050505,3.61318979304488
1970,"Bottom.99",0.9972446,"Bottom",99,"99-1",9972446,100731.777777778,3.65579508520642
1971,"Bottom.99",0.9973011,"Bottom",99,"99-1",9973011,100737.484848485,3.73253862123402
1972,"Bottom.99",0.9973505,"Bottom",99,"99-1",9973505,100742.474747475,3.80232023957255
1973,"Bottom.99",0.9975143,"Bottom",99,"99-1",9975143,100759.02020202,4.05354709747838
1974,"Bottom.99",0.9975124,"Bottom",99,"99-1",9975124,100758.828282828,4.05044333023108
1975,"Bottom.99",0.9975286,"Bottom",99,"99-1",9975286,100760.464646465,4.07706015402058
1976,"Bottom.99",0.997654,"Bottom",99,"99-1",9976540,100773.131313131,4.29552989399537
1977,"Bottom.99",0.9976094,"Bottom",99,"99-1",9976094,100768.626262626,4.21520230329734
1978,"Bottom.99",0.9977059,"Bottom",99,"99-1",9977059,100778.373737374,4.39293726242857
1979,"Bottom.99",0.997564,"Bottom",99,"99-1",9975640,100764.04040404,4.13645486059279
1980,"Bottom.99",0.9975659,"Bottom",99,"99-1",9975659,100764.232323232,4.13969156251725
1981,"Bottom.99",0.9974712,"Bottom",99,"99-1",9974712,100754.666666667,3.98428767267742
1982,"Bottom.99",0.9974337,"Bottom",99,"99-1",9974337,100750.878787879,3.92591975949339
1983,"Bottom.99",0.9975278,"Bottom",99,"99-1",9975278,100760.383838384,4.07573755514861
1984,"Bottom.99",0.9975191,"Bottom",99,"99-1",9975191,100759.505050505,4.06140936960398
1985,"Bottom.99",0.9974927,"Bottom",99,"99-1",9974927,100756.838383838,4.01853940030465
1986,"Bottom.99",0.9974892,"Bottom",99,"99-1",9974892,100756.484848485,4.0129235641423
1987,"Bottom.99",0.9973841,"Bottom",99,"99-1",9973841,100745.868686869,3.85128898990285
1988,"Bottom.99",0.9972066,"Bottom",99,"99-1",9972066,100727.939393939,3.60592608985249
1989,"Bottom.99",0.9972193,"Bottom",99,"99-1",9972193,100729.222222222,3.62244119186616
1990,"Bottom.99",0.9971873,"Bottom",99,"99-1",9971873,100725.98989899,3.58111387275536
1991,"Bottom.99",0.9972384,"Bottom",99,"99-1",9972384,100731.151515152,3.64756487236209
1992,"Bottom.99",0.9970807,"Bottom",99,"99-1",9970807,100715.222222222,3.44997849560587
1993,"Bottom.99",0.997054,"Bottom",99,"99-1",9970540,100712.525252525,3.41861932289631
1994,"Bottom.99",0.9970833,"Bottom",99,"99-1",9970833,100715.484848485,3.45306287408663
1995,"Bottom.99",0.9970535,"Bottom",99,"99-1",9970535,100712.474747475,3.41803749355081
1996,"Bottom.99",0.996972500085831,"Bottom",99,"99-1",9969725.00085831,100704.292937963,3.32631860587828
1997,"Bottom.99",0.996876299977303,"Bottom",99,"99-1",9968762.99977303,100694.575755283,3.22356740479609
1998,"Bottom.99",0.996771000027657,"Bottom",99,"99-1",9967710.00027657,100683.939396733,3.11811521397016
1999,"Bottom.99",0.996669900119305,"Bottom",99,"99-1",9966699.00119305,100673.727284778,3.0231443767914
2000,"Bottom.99",0.996585099995136,"Bottom",99,"99-1",9965850.99995136,100665.16161567,2.94782164843175
2001,"Bottom.99",0.996676299870014,"Bottom",99,"99-1",9966762.99870014,100674.373724244,3.02898485985478
2002,"Bottom.99",0.996797699928284,"Bottom",99,"99-1",9967976.99928284,100686.636356392,3.14419742377322
2003,"Bottom.99",0.996770400106907,"Bottom",99,"99-1",9967704.00106907,100683.878798677,3.11753412594551
2004,"Bottom.99",0.996646400094032,"Bottom",99,"99-1",9966464.00094032,100671.353544852,3.00188920466355
2005,"Bottom.99",0.996602300107479,"Bottom",99,"99-1",9966023.00107479,100666.899000755,2.96279548474384
2006,"Bottom.99",0.996510199904442,"Bottom",99,"99-1",9965101.99904442,100657.595949944,2.88433701626809
2007,"Bottom.99",0.996404899954796,"Bottom",99,"99-1",9964048.99954796,100646.959591394,2.79955935372803
2008,"Bottom.99",0.996186699867249,"Bottom",99,"99-1",9961866.99867249,100624.91917851,2.63878833754176
2009,"Bottom.99",0.996215299963951,"Bottom",99,"99-1",9962152.99963951,100627.808077167,2.65880537740632
2010,"Bottom.99",0.996047700047493,"Bottom",99,"99-1",9960477.00047493,100610.878792676,2.54562862135139
2011,"Bottom.99",0.996019900143147,"Bottom",99,"99-1",9960199.00143147,100608.07072153,2.52777755181918
2012,"Bottom.99",0.995817599892616,"Bottom",99,"99-1",9958175.99892616,100587.636352789,2.4050218479865
